{"name":"0ef59a8b-a49e-414e-8381-58c9a3c0e8b5","id":"/providers/Microsoft.Flow/flows/0ef59a8b-a49e-414e-8381-58c9a3c0e8b5","type":"Microsoft.Flow/flows","properties":{"apiId":"/providers/Microsoft.PowerApps/apis/shared_logicflows","displayName":"Password Expire Notice","definition":{"metadata":{"workflowEntityId":null,"processAdvisorMetadata":null,"flowChargedByPaygo":null,"flowclientsuspensionreason":"None","flowclientsuspensiontime":null,"flowclientsuspensionreasondetails":null,"creator":{"id":"8ef215c0-ebbf-474c-a99d-b32634775a1f","type":"User","tenantId":"ac8a1c7d-f463-4ce3-9fa6-9643ab6c36bb"},"provisioningMethod":"FromDefinition","failureAlertSubscription":true,"clientLastModifiedTime":"2023-10-05T00:22:29.7069986Z"},"$schema":"https://schema.management.azure.com/providers/Microsoft.Logic/schemas/2016-06-01/workflowdefinition.json#","contentVersion":"1.0.0.0","parameters":{"$connections":{"defaultValue":{},"type":"Object"},"$authentication":{"defaultValue":{},"type":"SecureObject"}},"triggers":{"Recurrence":{"recurrence":{"frequency":"Day","interval":1,"startTime":"2023-10-02T15:00:00.000Z"},"metadata":{"operationMetadataId":"7cb222eb-b67b-47a2-8945-1c4368e22aa9"},"type":"Recurrence"}},"actions":{"Initialize_variable_-_ExpirationDate":{"runAfter":{"Initialize_variable_-_varPassValid4":["Succeeded"]},"metadata":{"operationMetadataId":"2d571d3e-4a66-4a47-9f7e-343745e97737"},"type":"InitializeVariable","inputs":{"variables":[{"name":"var_ExpirationDate","type":"string"}]},"description":"Stores Password Expiration Date"},"Initialize_variable_-_varNumDays":{"runAfter":{},"metadata":{"operationMetadataId":"65859205-472f-4472-8d59-eac273ab5ef1"},"type":"InitializeVariable","inputs":{"variables":[{"name":"varNumDays","type":"integer","value":14}]},"description":"Number of Days when notification Starts"},"HTTP_-_Get_User_Data":{"runAfter":{"Initialize_variable_-_varSecret":["Succeeded"]},"metadata":{"operationMetadataId":"1370269d-3244-4ed6-aaf4-2c3175de9a4b"},"type":"Http","inputs":{"method":"GET","uri":"https://graph.microsoft.com/v1.0/users?$select=userPrincipalName,displayName,mail,lastPasswordChangeDateTime","authentication":{"type":"ActiveDirectoryOAuth","authority":"https://login.microsoftonline.com","tenant":"@variables('varTenantID')","audience":"https://graph.microsoft.com","clientId":"@variables('varClientID')","secret":"@variables('varSecret')"}},"runtimeConfiguration":{"paginationPolicy":{"minimumItemCount":10000},"contentTransfer":{"transferMode":"Chunked"}}},"Initialize_variable_-_varPassValid4":{"runAfter":{"Initialize_variable_-_varNumDays":["Succeeded"]},"metadata":{"operationMetadataId":"8dfbceb1-8ba6-41ed-bc12-658b883c794e"},"type":"InitializeVariable","inputs":{"variables":[{"name":"varPassValid4","type":"integer","value":90}]},"description":"How many days password is value for"},"Compose":{"runAfter":{"HTTP_-_Get_User_Data":["Succeeded"]},"metadata":{"operationMetadataId":"fcd3626a-23e7-4f04-a6bc-7be881d61351"},"type":"Compose","inputs":"@body('HTTP_-_Get_User_Data')"},"Parse_JSON":{"runAfter":{"Compose":["Succeeded"]},"metadata":{"operationMetadataId":"ed7ba5cc-4a3b-41ce-9029-caad8c7baa54"},"type":"ParseJson","inputs":{"content":"@outputs('Compose')","schema":{"type":"object","properties":{"value":{"type":"array","items":{"type":"object","properties":{"userPrincipalName":{"type":"string"},"displayName":{"type":["string","null"]},"mail":{"type":["string","null"]},"lastPasswordChangeDateTime":{"type":"string"}},"required":["userPrincipalName","displayName","mail","lastPasswordChangeDateTime"]}}}}}},"Apply_to_each":{"foreach":"@body('Parse_JSON')?['value']","actions":{"Set_variable":{"runAfter":{},"metadata":{"operationMetadataId":"b56c3430-6a86-4dc3-be17-5dd197a8fca7"},"type":"SetVariable","inputs":{"name":"var_ExpirationDate","value":"@{addDays(items('Apply_to_each')?['lastPasswordChangeDateTime'],variables('varPassValid4'))}"}},"Compose_-_Calculate_Days":{"runAfter":{"Set_variable":["Succeeded"]},"metadata":{"operationMetadataId":"835e3b7c-4d88-460b-9775-1b66744c74b3"},"type":"Compose","inputs":"@div(\r\n    sub(\r\n        ticks(variables('var_ExpirationDate')),\r\n        ticks(utcNow())\r\n    ),\r\n    864000000000  \r\n)\r\n"},"Condition":{"actions":{"Post_message_in_a_chat_or_channel":{"runAfter":{},"metadata":{"operationMetadataId":"f6ee69be-d02d-4282-84b8-044360bca247"},"type":"OpenApiConnection","inputs":{"host":{"apiId":"/providers/Microsoft.PowerApps/apis/shared_teams","connectionName":"shared_teams","operationId":"PostMessageToConversation"},"parameters":{"poster":"Flow bot","location":"Chat with Flow bot","body/recipient":"@{items('Apply_to_each')?['userPrincipalName']};","body/messageBody":"<p>Your Password will expire on @{convertTimeZone(variables('var_ExpirationDate'),'UTC','Eastern Standard Time')}</p>"},"authentication":"@parameters('$authentication')"}}},"runAfter":{"Compose_-_Calculate_Days":["Succeeded"]},"expression":{"lessOrEquals":["","@variables('varNumDays')"]},"metadata":{"operationMetadataId":"3625728e-944a-495b-817d-55af8d760684"},"type":"If"}},"runAfter":{"Parse_JSON":["Succeeded"]},"metadata":{"operationMetadataId":"edba99f2-66f5-482e-ac2a-b5c6383107d4"},"type":"Foreach","runtimeConfiguration":{"concurrency":{"repetitions":50}}},"Initialize_variable_-_varTenantID":{"runAfter":{"Initialize_variable_-_ExpirationDate":["Succeeded"]},"metadata":{"operationMetadataId":"dc354b03-d609-4e7a-b19b-8b93d9a534b0"},"type":"InitializeVariable","inputs":{"variables":[{"name":"varTenantID","type":"string","value":"ac8a1c7d-f463-4ce3-9fa6-9643ab6c36bb"}]},"description":"Tenant ID"},"Initialize_variable_-_varClientID":{"runAfter":{"Initialize_variable_-_varTenantID":["Succeeded"]},"metadata":{"operationMetadataId":"d57c77d6-7f52-44bd-8222-a426cd0c5be4"},"type":"InitializeVariable","inputs":{"variables":[{"name":"varClientID","type":"string","value":"2bbe8487-3c3b-4105-ad35-b185214a09ab"}]}},"Initialize_variable_-_varSecret":{"runAfter":{"Initialize_variable_-_varClientID":["Succeeded"]},"metadata":{"operationMetadataId":"06f81ca8-2492-4cc1-b444-20140c9d8c3f"},"type":"InitializeVariable","inputs":{"variables":[{"name":"varSecret","type":"string","value":"u9Q8Q~kpov6oQBHIKQNA0PooEgwM36DtGpiIDcgK"}]}}}},"connectionReferences":{"shared_teams":{"connectionName":"ff775995a42b4247ac9caee4402a7b83","source":"Embedded","id":"/providers/Microsoft.PowerApps/apis/shared_teams","tier":"NotSpecified"}},"flowFailureAlertSubscribed":false,"isManaged":false}}